{
  "nodeLayouts": {
    "inputs": {
      "x": 333.21875,
      "y": -275.8125,
      "index": -1
    },
    "outputs": {
      "x": 376.8125,
      "y": 179.84375,
      "index": -1
    },
    "chat": {
      "x": 18.515625,
      "y": -81.28125,
      "index": 0
    },
    "getEmails": {
      "x": 522.03125,
      "y": -187.71875,
      "index": 1
    }
  },
  "orientation": "Vertical"
}