{
  "nodeLayouts": {
    "inputs": {
      "x": 53.21875,
      "y": -668.8125,
      "index": -1
    },
    "outputs": {
      "x": 168.8125,
      "y": 158.84375,
      "index": -1
    },
    "chat": {
      "x": 157.515625,
      "y": -274.28125,
      "index": 1
    },
    "getEmails": {
      "x": -228.96875,
      "y": -230.71875,
      "index": 0
    },
    "download_graph_api_emails": {
      "x": -210.7265625,
      "y": -532.15625,
      "index": 2
    }
  },
  "orientation": "Vertical"
}